<?xml version='1.0' encoding='utf-8'?>
<!DOCTYPE records SYSTEM "http://www.icpsr.umich.edu/files/dtd/RSXML.dtd">
<records>
		 <record>
			<rec-number>111989</rec-number>
			<ref-type name="Journal Article"></ref-type>
			<contributors>
				<authors>
						<author>Prue, Bob</author>
				</authors>
			</contributors>
			<titles>
				<title>Prevalence of reported peyote use 1985-2010 effects of the American Indian Religious Freedom Act of 1994</title> 
		        	<secondary-title>American Journal on Addictions</secondary-title>
			</titles>
			<pages>156-161</pages>
			<volume>23</volume>
			<issue>2</issue>
			<dates>
				<year>2014</year>
				<pub-dates>
					<date>Mar-Apr 2014</date>
				</pub-dates>
			</dates>
			<isbn>1055-0496</isbn>
			<electronic-resource-num>10.1111/j.1521-0391.2013.12083.x</electronic-resource-num>
				<urls>
						<web-urls>
								<url>http://doi.org/10.1111/j.1521-0391.2013.12083.x</url>
						</web-urls>
				</urls>
		</record>
		 <record>
			<rec-number>107359</rec-number>
			<ref-type name="Journal Article"></ref-type>
			<contributors>
				<authors>
						<author>Miech, Richard</author>
						<author>Bohnert, Amy</author>
						<author>Heard, Kennon</author>
						<author>Boardman, Jason</author>
				</authors>
			</contributors>
			<titles>
				<title>Increasing use of nonmedical analgesics among younger cohorts in the United States: A birth cohort effect</title> 
		        	<secondary-title>Journal of Adolescent Health</secondary-title>
			</titles>
			<pages>35-41</pages>
			<volume>52</volume>
			<issue>1</issue>
			<dates>
				<year>2013</year>
				<pub-dates>
					<date>Jan 2013</date>
				</pub-dates>
			</dates>
			<isbn>1054-139X</isbn>
			<electronic-resource-num>10.1016/j.jadohealth.2012.07.016</electronic-resource-num>
				<urls>
						<web-urls>
								<url>http://doi.org/10.1016/j.jadohealth.2012.07.016</url>
						</web-urls>
				</urls>
		</record>
		 <record>
			<rec-number>106072</rec-number>
			<ref-type name="Journal Article"></ref-type>
			<contributors>
				<authors>
						<author>Corman, Hope</author>
						<author>Dave, Dhaval M.</author>
						<author>Reichman, Nancy E.</author>
						<author>Das, Dhiman</author>
				</authors>
			</contributors>
			<titles>
				<title>Effects of welfare reform on illicit drug use of adult women</title> 
		        	<secondary-title>Economic Inquiry</secondary-title>
			</titles>
			<pages>653-674</pages>
			<volume>51</volume>
			<issue>1</issue>
			<dates>
				<year>2013</year>
				<pub-dates>
					<date>Jan 2013</date>
				</pub-dates>
			</dates>
			<isbn>0095-2583</isbn>
			<electronic-resource-num>10.1111/j.1465-7295.2012.00459.x</electronic-resource-num>
				<urls>
						<web-urls>
								<url>http://doi.org/10.1111/j.1465-7295.2012.00459.x</url>
						</web-urls>
				</urls>
		</record>
		 <record>
			<rec-number>109632</rec-number>
			<ref-type name="Journal Article"></ref-type>
			<contributors>
				<authors>
						<author>Keyes, Katherine M.</author>
						<author>Miech, Richard</author>
				</authors>
			</contributors>
			<titles>
				<title>Age, period, and cohort effects in heavy episodic drinking in the US from 1985 to 2009</title> 
		        	<secondary-title>Drug and Alcohol Dependence</secondary-title>
			</titles>
			<pages>140-148</pages>
			<volume>132</volume>
			<issue>1-2</issue>
			<dates>
				<year>2013</year>
				<pub-dates>
					<date>Sep 2013</date>
				</pub-dates>
			</dates>
			<isbn>0376-8716</isbn>
			<electronic-resource-num>10.1016/j.drugalcdep.2013.01.019</electronic-resource-num>
				<urls>
						<web-urls>
								<url>http://doi.org/10.1016/j.drugalcdep.2013.01.019</url>
						</web-urls>
				</urls>
		</record>
		 <record>
			<rec-number>111661</rec-number>
			<ref-type name="Journal Article"></ref-type>
			<contributors>
				<authors>
						<author>Miech, Richard A.</author>
						<author>London, Andrew S.</author>
						<author>Wilmoth, Janet M.</author>
						<author>Koester, Stephen</author>
				</authors>
			</contributors>
			<titles>
				<title>The effects of the military&#039;s antidrug policies over the life course: The case of past-year hallucinogen use</title> 
		        	<secondary-title>Substance Use and Misuse</secondary-title>
			</titles>
			<pages>837-853</pages>
			<volume>48</volume>
			<issue>10</issue>
			<dates>
				<year>2013</year>
				<pub-dates>
					<date>Jul 2013</date>
				</pub-dates>
			</dates>
			<isbn>1082-6084</isbn>
			<electronic-resource-num>10.3109/10826084.2013.800120</electronic-resource-num>
				<urls>
						<web-urls>
								<url>http://doi.org/10.3109/10826084.2013.800120</url>
						</web-urls>
				</urls>
		</record>
		 <record>
			<rec-number>113482</rec-number>
			<ref-type name="Journal Article"></ref-type>
			<contributors>
				<authors>
						<author>Sarabia, S.</author>
						<author>Martin, J.</author>
				</authors>
			</contributors>
			<titles>
				<title>Aging effects on substance use among midlife women: The moderating influence of race and substance</title> 
		        	<secondary-title>Journal of Social Work Practice in the Addictions</secondary-title>
			</titles>
			<pages>417-435</pages>
			<volume>13</volume>
			<issue>4</issue>
			<dates>
				<year>2013</year>
				<pub-dates>
					<date>Oct 2013</date>
				</pub-dates>
			</dates>
			<isbn>1533-256X</isbn>
			<electronic-resource-num>10.1080/1533256X.2013.842799</electronic-resource-num>
				<urls>
						<web-urls>
								<url>http://doi.org/10.1080/1533256X.2013.842799</url>
						</web-urls>
				</urls>
		</record>
		 <record>
			<rec-number>103323</rec-number>
			<ref-type name="Journal Article"></ref-type>
			<contributors>
				<authors>
						<author>Miech, Richard</author>
						<author>Koester, Stephen</author>
				</authors>
			</contributors>
			<titles>
				<title>Trends in U.S., past-year marijuana use from 1985 to 2009: An age-period-cohort analysis</title> 
		        	<secondary-title>Drug and Alcohol Dependence</secondary-title>
			</titles>
			<pages>259-267</pages>
			<volume>124</volume>
			<issue>3</issue>
			<dates>
				<year>2012</year>
				<pub-dates>
					<date>Aug 2012</date>
				</pub-dates>
			</dates>
			<isbn>0376-8716</isbn>
			<electronic-resource-num>10.1016/j.drugalcdep.2012.01.020</electronic-resource-num>
				<urls>
						<web-urls>
								<url>http://doi.org/10.1016/j.drugalcdep.2012.01.020</url>
						</web-urls>
				</urls>
		</record>
		 <record>
			<rec-number>107043</rec-number>
			<ref-type name="Journal Article"></ref-type>
			<contributors>
				<authors>
						<author>Paddock, Susan M.</author>
						<author>Kilmer, Beau</author>
						<author>Caulkins, Jonathan P.</author>
						<author>Booth, Marika J.</author>
						<author>Paculam, Rosalie L.</author>
				</authors>
			</contributors>
			<titles>
				<title>An epidemiological model for examining marijuana use over the life course</title> 
		        	<secondary-title>Epidemiology Research International</secondary-title>
			</titles>
			<dates>
				<year>2012</year>
				<pub-dates>
					<date>2012</date>
				</pub-dates>
			</dates>
			<isbn>2090-2972</isbn>
			<electronic-resource-num>10.1155/2012/520894</electronic-resource-num>
				<urls>
						<web-urls>
								<url>http://doi.org/10.1155/2012/520894</url>
						</web-urls>
				</urls>
		</record>
		 <record>
			<rec-number>106578</rec-number>
			<ref-type name="Thesis"></ref-type>
			<contributors>
				<authors>
						<author>Sarabia, Stephanie Elias</author>
				</authors>
			</contributors>
			<titles>
				<title>Aging Effect on Substance Use among Midlife Women: Impact of Cohort and Race/Ethnic Differences</title> 
			</titles>
			<dates>
				<year>2012</year>
				<pub-dates>
					<date></date>
				</pub-dates>
			</dates>
			<publisher>New York University</publisher>
				<work-type>Dissertation</work-type>
		</record>
		 <record>
			<rec-number>108260</rec-number>
			<ref-type name="Journal Article"></ref-type>
			<contributors>
				<authors>
						<author>Nguyen, Holly</author>
						<author>Reuter, Peter</author>
				</authors>
			</contributors>
			<titles>
				<title>How risky is marijuana possession? Considering
the role of age, race, and gender</title> 
		        	<secondary-title>Crime and Delinquency</secondary-title>
			</titles>
			<pages>879-910</pages>
			<volume>58</volume>
			<issue>6</issue>
			<dates>
				<year>2012</year>
				<pub-dates>
					<date>Nov 2012</date>
				</pub-dates>
			</dates>
			<isbn>0011-1287</isbn>
			<electronic-resource-num>10.1177/0011128712461122</electronic-resource-num>
				<urls>
						<web-urls>
								<url>http://doi.org/10.1177/0011128712461122</url>
						</web-urls>
				</urls>
		</record>
		 <record>
			<rec-number>93581</rec-number>
			<ref-type name="Report"></ref-type>
			<contributors>
				<authors>
						<author>Chen, Chiung M.</author>
						<author>Yi, Hsiao-ye</author>
						<author>Williams, Gerald D.</author>
						<author>Faden, Vivian B.</author>
				</authors>
			</contributors>
			<titles>
				<title>Trends in Underage Drinking in the United States, 1991-2009</title> 
			</titles>
			<dates>
				<year>2011</year>
				<pub-dates>
					<date>Mar 2011</date>
				</pub-dates>
			</dates>
			<pub-location>Washington, DC</pub-location>
			<publisher>United States Department of Health and Human Services, National Institute on Alcohol Abuse and Alcoholism</publisher>
				<urls>
						<pdf-urls>
							<url>http://pubs.niaaa.nih.gov/publications/surveillance91/Underage09.pdf</url>
						</pdf-urls>
				</urls>
		</record>
		 <record>
			<rec-number>99314</rec-number>
			<ref-type name="Journal Article"></ref-type>
			<contributors>
				<authors>
						<author>Chen, Xinguang</author>
						<author>Lin, Feng</author>
						<author>Stanton, Bonita</author>
						<author>Zhang, Xun</author>
				</authors>
			</contributors>
			<titles>
				<title>APC modeling of smoking prevalence among US adolescents and young adults</title> 
		        	<secondary-title>American Journal of Health Behavior</secondary-title>
			</titles>
			<pages>416-427</pages>
			<volume>35</volume>
			<issue>4</issue>
			<dates>
				<year>2011</year>
				<pub-dates>
					<date>Jul-Aug 2011</date>
				</pub-dates>
			</dates>
			<isbn>1087-3244</isbn>
			<electronic-resource-num>10.5993/AJHB.35.4.4</electronic-resource-num>
				<urls>
						<web-urls>
								<url>http://doi.org/10.5993/AJHB.35.4.4</url>
						</web-urls>
				</urls>
		</record>
		 <record>
			<rec-number>89505</rec-number>
			<ref-type name="Report"></ref-type>
			<contributors>
				<authors>
						<author>Corman, Hope</author>
						<author>Dave, Dhaval M.</author>
						<author>Reichman, Nancy E.</author>
						<author>Das, Dhiman</author>
				</authors>
			</contributors>
			<titles>
				<title>Effects of Welfare Reform on Illicit Drug Use of Adult Women</title> 
		        	<secondary-title>NBER Working Paper No. 16072</secondary-title>
			</titles>
			<dates>
				<year>2010</year>
				<pub-dates>
					<date>Jun 2010</date>
				</pub-dates>
			</dates>
			<pub-location>Cambridge, MA</pub-location>
			<publisher>National Bureau of Economic Research</publisher>
		</record>
		 <record>
			<rec-number>73229</rec-number>
			<ref-type name="Report"></ref-type>
			<contributors>
				<authors>
						<author>The White House</author>
				</authors>
			</contributors>
			<titles>
				<title>National Drug Control Strategy: Data Supplement 2009</title> 
			</titles>
			<issue>NCJ 225448</issue>
			<dates>
				<year>2009</year>
				<pub-dates>
					<date>Jan 2009</date>
				</pub-dates>
			</dates>
			<pub-location>Washington, DC</pub-location>
			<publisher>Office of National Drug Control Policy</publisher>
				<urls>
						<pdf-urls>
							<url>http://www.whitehousedrugpolicy.gov/publications/policy/ndcs09/ndcs09_data_supl/09datasupplement.pdf</url>
						</pdf-urls>
				</urls>
		</record>
		 <record>
			<rec-number>77682</rec-number>
			<ref-type name="Journal Article"></ref-type>
			<contributors>
				<authors>
						<author>Grucza, Richard A.</author>
						<author>Norberg, Karen E.</author>
						<author>Bierut, Laura J.</author>
				</authors>
			</contributors>
			<titles>
				<title>Binge drinking among youths and young adults in the United States: 1979-2006</title> 
		        	<secondary-title>Journal of the American Academy of Child and Adolescent Psychiatry</secondary-title>
			</titles>
			<pages>692-702</pages>
			<volume>48</volume>
			<issue>7</issue>
			<dates>
				<year>2009</year>
				<pub-dates>
					<date>Jul 2009</date>
				</pub-dates>
			</dates>
			<isbn>0890-8567</isbn>
			<electronic-resource-num>10.1097/CHI.0b013e3181a2b32f</electronic-resource-num>
				<urls>
						<web-urls>
								<url>http://doi.org/10.1097/CHI.0b013e3181a2b32f</url>
						</web-urls>
				</urls>
		</record>
		 <record>
			<rec-number>85054</rec-number>
			<ref-type name="Report"></ref-type>
			<contributors>
				<authors>
						<author>Chen, Chiung M.</author>
						<author>Yi, Hsiao-ye</author>
						<author>Faden, Vivian B.</author>
				</authors>
			</contributors>
			<titles>
				<title>Trends in Underage Drinking in the U.S., 1991-2007</title> 
		        	<secondary-title>Alcohol Epidemiologic Data System Surveillance Reports #86</secondary-title>
			</titles>
			<dates>
				<year>2009</year>
				<pub-dates>
					<date>Jan 2009</date>
				</pub-dates>
			</dates>
			<pub-location>Washington, DC</pub-location>
			<publisher>United States Department of Health and Human Services, National Institute on Alcohol Abuse and Alcoholism</publisher>
		</record>
		 <record>
			<rec-number>68139</rec-number>
			<ref-type name="Report"></ref-type>
			<contributors>
				<authors>
						<author>Botch, Sabra R.</author>
						<author>Johnson, Robert D.</author>
				</authors>
			</contributors>
			<titles>
				<title>Drug Usage in Pilots Involved in Aviation Accidents Compared With Drug Usage in the General Population: From 1990 to 2005</title> 
		        	<secondary-title>FAA Civil Aerospace Medical Institute</secondary-title>
			</titles>
			<issue>DOT/FAA/AM-08/10</issue>
			<dates>
				<year>2008</year>
				<pub-dates>
					<date>Apr 2008</date>
				</pub-dates>
			</dates>
			<pub-location>Washington, DC</pub-location>
			<publisher>Federal Aviation Administration</publisher>
				<urls>
						<pdf-urls>
							<url>http://www.faa.gov/library/reports/medical/oamtechreports/2000s/media/200810.pdf</url>
						</pdf-urls>
				</urls>
		</record>
		 <record>
			<rec-number>102043</rec-number>
			<ref-type name="Journal Article"></ref-type>
			<contributors>
				<authors>
						<author>Harder, Valerie S.</author>
						<author>Chilcoat, Howard D.</author>
				</authors>
			</contributors>
			<titles>
				<title>Cocaine use and educational achievement: Understanding a changing association over the past 2 decades</title> 
		        	<secondary-title>American Journal of Public Health</secondary-title>
			</titles>
			<pages>1790-1793</pages>
			<volume>97</volume>
			<issue>10</issue>
			<dates>
				<year>2007</year>
				<pub-dates>
					<date>Oct 2007</date>
				</pub-dates>
			</dates>
			<isbn>0090-0036</isbn>
			<electronic-resource-num>10.2105/AJPH.2006.091108</electronic-resource-num>
				<urls>
						<web-urls>
								<url>http://doi.org/10.2105/AJPH.2006.091108</url>
						</web-urls>
				</urls>
		</record>
		 <record>
			<rec-number>44860</rec-number>
			<ref-type name="Journal Article"></ref-type>
			<contributors>
				<authors>
						<author>Pollack, Harold A.</author>
						<author>Reuter, Peter</author>
				</authors>
			</contributors>
			<titles>
				<title>Welfare receipt and substance-abuse treatment among low-income mothers: The impact of welfare reform</title> 
		        	<secondary-title>American Journal of Public Health</secondary-title>
			</titles>
			<pages>2024 -</pages>
			<volume>96</volume>
			<issue>11</issue>
			<dates>
				<year>2006</year>
				<pub-dates>
					<date>Nov 2006</date>
				</pub-dates>
			</dates>
			<isbn>0090-0036</isbn>
			<electronic-resource-num>10.2105/AJPH.2004.061762</electronic-resource-num>
				<urls>
						<web-urls>
								<url>http://doi.org/10.2105/AJPH.2004.061762</url>
						</web-urls>
				</urls>
		</record>
		 <record>
			<rec-number>45163</rec-number>
			<ref-type name="Journal Article"></ref-type>
			<contributors>
				<authors>
						<author>Faden, Vivian B.</author>
				</authors>
			</contributors>
			<titles>
				<title>Trends in initiation of alcohol use in the United States 1975 to 2003 </title> 
		        	<secondary-title>Alcoholism: Clinical and Experimental Research</secondary-title>
			</titles>
			<pages>1011-1022</pages>
			<volume>30</volume>
			<issue>6</issue>
			<dates>
				<year>2006</year>
				<pub-dates>
					<date>Jun 2006</date>
				</pub-dates>
			</dates>
			<isbn>0145-6008</isbn>
			<electronic-resource-num>10.1111/j.1530-0277.2006.00115.x</electronic-resource-num>
				<urls>
						<web-urls>
								<url>http://doi.org/10.1111/j.1530-0277.2006.00115.x</url>
						</web-urls>
				</urls>
		</record>
		 <record>
			<rec-number>45528</rec-number>
			<ref-type name="Report"></ref-type>
			<contributors>
				<authors>
						<author>Substance Abuse and Mental Health Services Administration</author>
				</authors>
			</contributors>
			<titles>
				<title>National Survey on Drug Use and Health: Summary of Methodological Studies,1971-2005</title> 
		        	<secondary-title>Methodology Series M-6</secondary-title>
			</titles>
			<issue>SMA 06-4146</issue>
			<dates>
				<year>2006</year>
				<pub-dates>
					<date>Sep 2006</date>
				</pub-dates>
			</dates>
			<pub-location>Rockville, MD</pub-location>
			<publisher>Office of Applied Studies</publisher>
				<urls>
						<pdf-urls>
							<url>http://www.oas.samhsa.gov/methodsHY/NSmethods.pdf</url>
						</pdf-urls>
				</urls>
		</record>
		 <record>
			<rec-number>93353</rec-number>
			<ref-type name="Book Section"></ref-type>
			<contributors>
				<authors>
						<author>Sloboda, Zili</author>
				</authors>
					<secondary-authors>
							<author>Bukoski, William J.</author>
							<author>Sloboda, Zili</author>
					</secondary-authors>
			</contributors>
			<titles>
				<title>Chapter 12: Forging a relationship between drug abuse epidemiology and drug abuse prevention</title> 
		        	<secondary-title>Handbook of Drug Abuse Prevention: Theory, Science, and Practice</secondary-title>
			</titles>
			<pages>245-264</pages>
			<dates>
				<year>2006</year>
				<pub-dates>
					<date></date>
				</pub-dates>
			</dates>
			<pub-location>New York</pub-location>
			<publisher>Springer</publisher>
			<electronic-resource-num>10.1007/0-387-35408-5_12</electronic-resource-num>
				<urls>
						<web-urls>
								<url>http://doi.org/10.1007/0-387-35408-5_12</url>
						</web-urls>
				</urls>
		</record>
		 <record>
			<rec-number>42856</rec-number>
			<ref-type name="Report"></ref-type>
			<contributors>
				<authors>
						<author>Office of National Drug Control Policy</author>
				</authors>
			</contributors>
			<titles>
				<title>The National Drug Control Strategy: Data Supplement</title> 
			</titles>
			<issue>NCJ 213692</issue>
			<dates>
				<year>2005</year>
				<pub-dates>
					<date>Mar 2005</date>
				</pub-dates>
			</dates>
			<pub-location>Washington, DC</pub-location>
			<publisher>Executive Office of the President of the United States</publisher>
				<urls>
						<pdf-urls>
							<url>http://www.whitehousedrugpolicy.gov/publications/policy/ndcs06_data_supl/</url>
						</pdf-urls>
				</urls>
		</record>
		 <record>
			<rec-number>45019</rec-number>
			<ref-type name="Journal Article"></ref-type>
			<contributors>
				<authors>
						<author>Golub, Andrew</author>
						<author>Johnson, Bruce D.</author>
						<author>Dunlap, Eloise</author>
				</authors>
			</contributors>
			<titles>
				<title>The growth in marijuana use among American youths during the 1990s and the extent of blunt smoking</title> 
		        	<secondary-title>Journal of Ethnicity in Substance Abuse</secondary-title>
			</titles>
			<pages>1-21</pages>
			<volume>4</volume>
			<issue>3-4</issue>
			<dates>
				<year>2005</year>
				<pub-dates>
					<date>2005</date>
				</pub-dates>
			</dates>
			<isbn>1533-2640</isbn>
			<electronic-resource-num>10.1300/J233v04n03_01</electronic-resource-num>
				<urls>
						<web-urls>
								<url>http://doi.org/10.1300/J233v04n03_01</url>
						</web-urls>
				</urls>
		</record>
		 <record>
			<rec-number>34407</rec-number>
			<ref-type name="Thesis"></ref-type>
			<contributors>
				<authors>
						<author>Braunschweig, Heidi Michelle</author>
				</authors>
			</contributors>
			<titles>
				<title>The aging of the &#039;baby boom&#039; generation: The potential for increased alcohol use and the need for concern</title> 
			</titles>
			<dates>
				<year>2004</year>
				<pub-dates>
					<date></date>
				</pub-dates>
			</dates>
			<publisher>Case Western Reserve University</publisher>
				<work-type>Dissertation</work-type>
		</record>
		 <record>
			<rec-number>35936</rec-number>
			<ref-type name="Journal Article"></ref-type>
			<contributors>
				<authors>
						<author>Faden, Vivian B.</author>
						<author>Fay, Michael P.</author>
				</authors>
			</contributors>
			<titles>
				<title>Trends in drinking among Americans age 18 and younger: 1975-2002</title> 
		        	<secondary-title>Alcoholism: Clinical and Experimental Research</secondary-title>
			</titles>
			<pages>1388-1395</pages>
			<volume>28</volume>
			<issue>9</issue>
			<dates>
				<year>2004</year>
				<pub-dates>
					<date>Sep 2004</date>
				</pub-dates>
			</dates>
			<isbn>0145-6008</isbn>
			<electronic-resource-num>10.1097/01.ALC.0000139820.04539.BD</electronic-resource-num>
				<urls>
						<web-urls>
								<url>http://doi.org/10.1097/01.ALC.0000139820.04539.BD</url>
						</web-urls>
				</urls>
		</record>
		 <record>
			<rec-number>23387</rec-number>
			<ref-type name="Journal Article"></ref-type>
			<contributors>
				<authors>
						<author>Oggins, Jean</author>
				</authors>
			</contributors>
			<titles>
				<title>Changes in health insurance and payment for substance use treatment</title> 
		        	<secondary-title>American Journal of Drug and Alcohol Abuse</secondary-title>
			</titles>
			<pages>55-74</pages>
			<volume>29</volume>
			<issue>1</issue>
			<dates>
				<year>2003</year>
				<pub-dates>
					<date>Feb 2003</date>
				</pub-dates>
			</dates>
			<isbn>0095-2990</isbn>
			<electronic-resource-num>10.1081/ADA-120018839</electronic-resource-num>
				<urls>
						<web-urls>
								<url>http://doi.org/10.1081/ADA-120018839</url>
						</web-urls>
				</urls>
		</record>
		 <record>
			<rec-number>11256</rec-number>
			<ref-type name="Journal Article"></ref-type>
			<contributors>
				<authors>
						<author>Garlow, Steven J.</author>
				</authors>
			</contributors>
			<titles>
				<title>Age, gender, and ethnic differences in patterns of cocaine and ethanol use preceding suicide</title> 
		        	<secondary-title>American Journal of Psychiatry</secondary-title>
			</titles>
			<pages>615-619</pages>
			<volume>159</volume>
			<issue>4</issue>
			<dates>
				<year>2002</year>
				<pub-dates>
					<date>Apr 2002</date>
				</pub-dates>
			</dates>
			<isbn>0002-953X</isbn>
			<electronic-resource-num>10.1176/appi.ajp.159.4.615</electronic-resource-num>
				<urls>
						<web-urls>
								<url>http://doi.org/10.1176/appi.ajp.159.4.615</url>
						</web-urls>
				</urls>
		</record>
		 <record>
			<rec-number>20362</rec-number>
			<ref-type name="Journal Article"></ref-type>
			<contributors>
				<authors>
						<author>Martini, Shahm</author>
						<author>Wagner, Fernando A.</author>
						<author>Anthony, James C.</author>
				</authors>
			</contributors>
			<titles>
				<title>The association of tobacco smoking and depression in adolescence: Evidence from the United States</title> 
		        	<secondary-title>Substance Use and Misuse</secondary-title>
			</titles>
			<pages>1853-1867</pages>
			<volume>37</volume>
			<issue>14</issue>
			<dates>
				<year>2002</year>
				<pub-dates>
					<date>Dec 2002</date>
				</pub-dates>
			</dates>
			<isbn>1082-6084</isbn>
			<electronic-resource-num>10.1081/JA-120014087</electronic-resource-num>
				<urls>
						<web-urls>
								<url>http://doi.org/10.1081/JA-120014087</url>
						</web-urls>
				</urls>
		</record>
		 <record>
			<rec-number>24696</rec-number>
			<ref-type name="Journal Article"></ref-type>
			<contributors>
				<authors>
						<author>Pollack, Harold A.</author>
						<author>Danziger, Sheldon</author>
						<author>Seefeldt, Kristin S.</author>
						<author>Jayakody, Rukmalie</author>
				</authors>
			</contributors>
			<titles>
				<title>Substance use among welfare recipients</title> 
		        	<secondary-title>Social Service Review</secondary-title>
			</titles>
			<pages>256-274</pages>
			<volume>76</volume>
			<issue>2</issue>
			<dates>
				<year>2002</year>
				<pub-dates>
					<date>Jun 2002</date>
				</pub-dates>
			</dates>
			<isbn>0037-7961</isbn>
			<electronic-resource-num>10.1086/339669</electronic-resource-num>
				<urls>
						<web-urls>
								<url>http://doi.org/10.1086/339669</url>
						</web-urls>
				</urls>
		</record>
		 <record>
			<rec-number>32018</rec-number>
			<ref-type name="Journal Article"></ref-type>
			<contributors>
				<authors>
						<author>Wilcox, Holly C.</author>
						<author>Wagner, Fernando A.</author>
						<author>Anthony, James C.</author>
				</authors>
			</contributors>
			<titles>
				<title>Exposure opportunity as a mechanism linking youth marijuana use to hallucinogen use</title> 
		        	<secondary-title>Drug and Alcohol Dependence</secondary-title>
			</titles>
			<pages>127-135</pages>
			<volume>66</volume>
			<issue>2</issue>
			<dates>
				<year>2002</year>
				<pub-dates>
					<date>Apr 2002</date>
				</pub-dates>
			</dates>
			<isbn>0376-8716</isbn>
			<electronic-resource-num>10.1016/S0376-8716(01)00191-0</electronic-resource-num>
				<urls>
						<web-urls>
								<url>http://doi.org/10.1016/S0376-8716(01)00191-0</url>
						</web-urls>
				</urls>
		</record>
		 <record>
			<rec-number>34423</rec-number>
			<ref-type name="Journal Article"></ref-type>
			<contributors>
				<authors>
						<author>Biemer, P.P.</author>
						<author>Wiesen, C.</author>
				</authors>
			</contributors>
			<titles>
				<title>Measurement error evaluation of self-reported drug use: A latent class analysis of the US National Household Survey on Drug Abuse</title> 
		        	<secondary-title>Journal of the Royal Statistical Society, Series A: Statistics in Society</secondary-title>
			</titles>
			<pages>97-119</pages>
			<volume>165</volume>
			<issue>Part 1</issue>
			<dates>
				<year>2002</year>
				<pub-dates>
					<date>2002</date>
				</pub-dates>
			</dates>
			<isbn>0964-1998</isbn>
			<electronic-resource-num>10.1111/1467-985X.00612</electronic-resource-num>
				<urls>
						<web-urls>
								<url>http://doi.org/10.1111/1467-985X.00612</url>
						</web-urls>
				</urls>
		</record>
		 <record>
			<rec-number>33301</rec-number>
			<ref-type name="Journal Article"></ref-type>
			<contributors>
				<authors>
						<author>Fendrich, Michael</author>
						<author>Kim, Julia Yun Soo</author>
				</authors>
			</contributors>
			<titles>
				<title>The experience and acceptability of drug testing: Poll trends</title> 
		        	<secondary-title>Journal of Drug Issues</secondary-title>
			</titles>
			<pages>81-95</pages>
			<volume>32</volume>
			<issue>1</issue>
			<dates>
				<year>2002</year>
				<pub-dates>
					<date>Win 2002</date>
				</pub-dates>
			</dates>
			<isbn>0022-0426</isbn>
			<electronic-resource-num>10.1177/002204260203200104</electronic-resource-num>
				<urls>
						<web-urls>
								<url>http://doi.org/10.1177/002204260203200104</url>
						</web-urls>
				</urls>
		</record>
		 <record>
			<rec-number>33682</rec-number>
			<ref-type name="Journal Article"></ref-type>
			<contributors>
				<authors>
						<author>Wu, Ping</author>
						<author>Hoven, Christina W.</author>
						<author>Tiet, Quyen</author>
						<author>Kovalenko, Pavel</author>
						<author>Wicks, Judith</author>
				</authors>
			</contributors>
			<titles>
				<title>Factors associated with adolescent utilization of alcohol treatment services</title> 
		        	<secondary-title>American Journal of Drug and Alcohol Abuse</secondary-title>
			</titles>
			<pages>353-369</pages>
			<volume>28</volume>
			<issue>2</issue>
			<dates>
				<year>2002</year>
				<pub-dates>
					<date>2002</date>
				</pub-dates>
			</dates>
			<isbn>0095-2990</isbn>
			<electronic-resource-num>10.1081/ADA-120002978</electronic-resource-num>
				<urls>
						<web-urls>
								<url>http://doi.org/10.1081/ADA-120002978</url>
						</web-urls>
				</urls>
		</record>
		 <record>
			<rec-number>10737</rec-number>
			<ref-type name="Journal Article"></ref-type>
			<contributors>
				<authors>
						<author>Fowler, Floyd J., Jr.</author>
						<author>Stringfellow, Vickie L.</author>
				</authors>
			</contributors>
			<titles>
				<title>Learning from experience: Estimating teen uses of alcohol, cigarettes, and marijuana from three survey protocols</title> 
		        	<secondary-title>Journal of Drug Issues</secondary-title>
			</titles>
			<pages>643-664</pages>
			<volume>31</volume>
			<issue>3</issue>
			<dates>
				<year>2001</year>
				<pub-dates>
					<date>Sum 2001</date>
				</pub-dates>
			</dates>
			<isbn>0022-0426</isbn>
		</record>
		 <record>
			<rec-number>10274</rec-number>
			<ref-type name="Journal Article"></ref-type>
			<contributors>
				<authors>
						<author>Finch, Brian Karl</author>
				</authors>
			</contributors>
			<titles>
				<title>Nation of origin, gender, and neighborhood differences in past-year substance use among Hispanics and non-Hispanic whites</title> 
		        	<secondary-title>Hispanic Journal of Behavioral Sciences</secondary-title>
			</titles>
			<pages>88-101</pages>
			<volume>23</volume>
			<issue>1</issue>
			<dates>
				<year>2001</year>
				<pub-dates>
					<date>2001</date>
				</pub-dates>
			</dates>
			<isbn>0739-9863</isbn>
			<electronic-resource-num>10.1177/0739986301231006</electronic-resource-num>
				<urls>
						<web-urls>
								<url>http://doi.org/10.1177/0739986301231006</url>
						</web-urls>
				</urls>
		</record>
		 <record>
			<rec-number>9933</rec-number>
			<ref-type name="Journal Article"></ref-type>
			<contributors>
				<authors>
						<author>Farrelly, Matthew C.</author>
						<author>Bray, Jeremy W.</author>
						<author>Zarkin, Gary A.</author>
						<author>Wendling, B.W.</author>
				</authors>
			</contributors>
			<titles>
				<title>The joint demand for cigarettes and marijuana: Evidence from the National Household Surveys on Drug Abuse</title> 
		        	<secondary-title>Journal of Health Economics</secondary-title>
			</titles>
			<pages>51-68</pages>
			<volume>20</volume>
			<issue>1</issue>
			<dates>
				<year>2001</year>
				<pub-dates>
					<date>Jan 2001</date>
				</pub-dates>
			</dates>
			<isbn>0167-6296</isbn>
			<electronic-resource-num>10.1016/S0167-6296(00)00067-9</electronic-resource-num>
				<urls>
						<web-urls>
								<url>http://doi.org/10.1016/S0167-6296(00)00067-9</url>
						</web-urls>
				</urls>
		</record>
		 <record>
			<rec-number>12045</rec-number>
			<ref-type name="Journal Article"></ref-type>
			<contributors>
				<authors>
						<author>Golub, Andrew</author>
						<author>Johnson, Bruce D.</author>
				</authors>
			</contributors>
			<titles>
				<title>Variation in youthful risks of progression from alcohol and tobacco to marijuana and to hard drugs across generations</title> 
		        	<secondary-title>American Journal of Public Health</secondary-title>
			</titles>
			<pages>225-232</pages>
			<volume>91</volume>
			<issue>2</issue>
			<dates>
				<year>2001</year>
				<pub-dates>
					<date>Feb 2001</date>
				</pub-dates>
			</dates>
			<isbn>0090-0036</isbn>
			<electronic-resource-num>10.2105/AJPH.91.2.225</electronic-resource-num>
				<urls>
						<web-urls>
								<url>http://doi.org/10.2105/AJPH.91.2.225</url>
						</web-urls>
				</urls>
		</record>
		 <record>
			<rec-number>16379</rec-number>
			<ref-type name="Report"></ref-type>
			<contributors>
				<authors>
						<author>Kandel, Denise B.</author>
						<author>Griesler, Pamela C.</author>
						<author>Lee, Gang</author>
						<author>Davies, Mark</author>
						<author>Schaffran, Christine</author>
				</authors>
			</contributors>
			<titles>
				<title>Parental influences on adolescent marijuana use and the baby boom generation: Findings from the 1979-1996 National Household Surveys on Drug Abuse</title> 
		        	<secondary-title>NHSDA Series</secondary-title>
			</titles>
			<issue>(SMA) 01-3531</issue>
			<dates>
				<year>2001</year>
				<pub-dates>
					<date>Jul 2001</date>
				</pub-dates>
			</dates>
			<pub-location>Rockville, MD</pub-location>
			<publisher>United States Department of Health and Human Services, Substance Abuse and Mental Health Services Administration</publisher>
				<urls>
						<web-urls>
								<url>http://archive.samhsa.gov/data/NHSDA/BabyBoom/TOC.htm</url>
						</web-urls>
				</urls>
		</record>
		 <record>
			<rec-number>16380</rec-number>
			<ref-type name="Journal Article"></ref-type>
			<contributors>
				<authors>
						<author>Kandel, Denise B.</author>
						<author>Huang, Fung-Yea</author>
						<author>Davies, Mark</author>
				</authors>
			</contributors>
			<titles>
				<title>Comorbidity between patterns of substance use dependence and psychiatric syndromes</title> 
		        	<secondary-title>Drug and Alcohol Dependence</secondary-title>
			</titles>
			<pages>233-241</pages>
			<volume>64</volume>
			<issue>2</issue>
			<dates>
				<year>2001</year>
				<pub-dates>
					<date>Oct  1, 2001</date>
				</pub-dates>
			</dates>
			<isbn>0376-8716</isbn>
			<electronic-resource-num>10.1016/S0376-8716(01)00126-0</electronic-resource-num>
				<urls>
						<web-urls>
								<url>http://doi.org/10.1016/S0376-8716(01)00126-0</url>
						</web-urls>
				</urls>
		</record>
		 <record>
			<rec-number>15871</rec-number>
			<ref-type name="Journal Article"></ref-type>
			<contributors>
				<authors>
						<author>Johnson, Eric O.</author>
						<author>Breslau, Naomi</author>
				</authors>
			</contributors>
			<titles>
				<title>Sleep problems and substance use in adolescence</title> 
		        	<secondary-title>Drug and Alcohol Dependence</secondary-title>
			</titles>
			<pages>1-7</pages>
			<volume>64</volume>
			<issue>1</issue>
			<dates>
				<year>2001</year>
				<pub-dates>
					<date>Sep 1, 2001</date>
				</pub-dates>
			</dates>
			<isbn>0376-8716</isbn>
			<electronic-resource-num>10.1016/S0376-8716(00)00222-2</electronic-resource-num>
				<urls>
						<web-urls>
								<url>http://doi.org/10.1016/S0376-8716(00)00222-2</url>
						</web-urls>
				</urls>
		</record>
		 <record>
			<rec-number>25002</rec-number>
			<ref-type name="Journal Article"></ref-type>
			<contributors>
				<authors>
						<author>Pursley-Crotteau, Suzanne</author>
				</authors>
			</contributors>
			<titles>
				<title>Perinatal crack users becoming temperant: The social psychological processes</title> 
		        	<secondary-title>Health Care for Women International</secondary-title>
			</titles>
			<pages>49-66</pages>
			<volume>22</volume>
			<issue>1-2</issue>
			<dates>
				<year>2001</year>
				<pub-dates>
					<date>Jan/Feb 2001</date>
				</pub-dates>
			</dates>
			<isbn>0739-9332</isbn>
			<electronic-resource-num>10.1080/073993301300003072</electronic-resource-num>
				<urls>
						<web-urls>
								<url>http://doi.org/10.1080/073993301300003072</url>
						</web-urls>
				</urls>
		</record>
		 <record>
			<rec-number>4104</rec-number>
			<ref-type name="Journal Article"></ref-type>
			<contributors>
				<authors>
						<author>Bobashev, G.V.</author>
						<author>Anthony, James C.</author>
				</authors>
			</contributors>
			<titles>
				<title>Use of alternating logistic regression in studies of drug-use clustering</title> 
		        	<secondary-title>Substance Use and Misuse</secondary-title>
			</titles>
			<pages>1051-1073</pages>
			<volume>35</volume>
			<issue>6-8</issue>
			<dates>
				<year>2000</year>
				<pub-dates>
					<date>2000</date>
				</pub-dates>
			</dates>
			<isbn>1082-6084</isbn>
			<electronic-resource-num>10.3109/10826080009148432</electronic-resource-num>
				<urls>
						<web-urls>
								<url>http://doi.org/10.3109/10826080009148432</url>
						</web-urls>
				</urls>
		</record>
		 <record>
			<rec-number>8264</rec-number>
			<ref-type name="Journal Article"></ref-type>
			<contributors>
				<authors>
						<author>Delva, J.</author>
						<author>Spencer, M.S.</author>
						<author>Lin, J.K.</author>
				</authors>
			</contributors>
			<titles>
				<title>Racial/ethnic and educational differences in the estimated odds of recent nitrite use among adult household residents in the United States: An illustration of matching and conditional logistic regression</title> 
		        	<secondary-title>Substance Use and Misuse</secondary-title>
			</titles>
			<pages>1075-1096</pages>
			<volume>35</volume>
			<issue>6-8</issue>
			<dates>
				<year>2000</year>
				<pub-dates>
					<date>2000</date>
				</pub-dates>
			</dates>
			<isbn>1082-6084</isbn>
			<electronic-resource-num>10.3109/10826080009148433</electronic-resource-num>
				<urls>
						<web-urls>
								<url>http://doi.org/10.3109/10826080009148433</url>
						</web-urls>
				</urls>
		</record>
		 <record>
			<rec-number>12040</rec-number>
			<ref-type name="Journal Article"></ref-type>
			<contributors>
				<authors>
						<author>Golub, Andrew L.</author>
						<author>Johnson, Bruce D.</author>
						<author>Labouvie, Erich</author>
				</authors>
			</contributors>
			<titles>
				<title>On correcting biases in self-reports of age at first substance use with repeated cross-section analysis</title> 
		        	<secondary-title>Journal of Quantitative Criminology</secondary-title>
			</titles>
			<pages>45-68</pages>
			<volume>16</volume>
			<issue>1</issue>
			<dates>
				<year>2000</year>
				<pub-dates>
					<date>2000</date>
				</pub-dates>
			</dates>
			<isbn>0748-4518</isbn>
			<electronic-resource-num>10.1023/A:1007573411129</electronic-resource-num>
				<urls>
						<web-urls>
								<url>http://doi.org/10.1023/A:1007573411129</url>
						</web-urls>
				</urls>
		</record>
		 <record>
			<rec-number>12453</rec-number>
			<ref-type name="Report"></ref-type>
			<contributors>
				<authors>
						<author>Greenblatt, Janet C.</author>
				</authors>
			</contributors>
			<titles>
				<title>Patterns of Alcohol Use among Adolescents and Associations with Emotional and Behavioral Problems</title> 
		        	<secondary-title>OAS Working Paper</secondary-title>
			</titles>
			<dates>
				<year>2000</year>
				<pub-dates>
					<date>Mar 2000</date>
				</pub-dates>
			</dates>
			<pub-location>Rockville, MD</pub-location>
			<publisher>Substance Abuse and Mental Health Services Administration, Office of Applied Studies</publisher>
				<urls>
						<pdf-urls>
							<url>http://oas.samhsa.gov/nhsda/TeenAlc/teenalc.pdf</url>
						</pdf-urls>
				</urls>
		</record>
		 <record>
			<rec-number>13530</rec-number>
			<ref-type name="Thesis"></ref-type>
			<contributors>
				<authors>
						<author>Hastings, Julia Faye</author>
				</authors>
			</contributors>
			<titles>
				<title>Mental Health and Substance Dependence among America&#039;s Poor and Non-Poor Populations</title> 
			</titles>
			<dates>
				<year>2000</year>
				<pub-dates>
					<date></date>
				</pub-dates>
			</dates>
			<publisher>University of California, Los Angeles</publisher>
				<work-type>Dissertation</work-type>
		</record>
		 <record>
			<rec-number>15709</rec-number>
			<ref-type name="Journal Article"></ref-type>
			<contributors>
				<authors>
						<author>Jayakody, Rukmalie</author>
						<author>Danziger, Sheldon</author>
						<author>Pollack, Harold</author>
				</authors>
			</contributors>
			<titles>
				<title>Welfare reform, substance use, and mental health</title> 
		        	<secondary-title>Journal of Health Politics, Policy and Law</secondary-title>
			</titles>
			<pages>623-651</pages>
			<volume>25</volume>
			<issue>4</issue>
			<dates>
				<year>2000</year>
				<pub-dates>
					<date>Aug 2000</date>
				</pub-dates>
			</dates>
			<isbn>0361-6878</isbn>
			<electronic-resource-num>10.1215/03616878-25-4-623</electronic-resource-num>
				<urls>
						<web-urls>
								<url>http://doi.org/10.1215/03616878-25-4-623</url>
						</web-urls>
				</urls>
		</record>
		 <record>
			<rec-number>15938</rec-number>
			<ref-type name="Journal Article"></ref-type>
			<contributors>
				<authors>
						<author>Johnson, R.A.</author>
						<author>Gerstein, Dean R.</author>
				</authors>
			</contributors>
			<titles>
				<title>Age, period, and cohort effects in marijuana and alcohol incidence: United States females and males, 1961-1990</title> 
		        	<secondary-title>Substance Use and Misuse</secondary-title>
			</titles>
			<pages>925-948</pages>
			<volume>35</volume>
			<issue>6-8</issue>
			<dates>
				<year>2000</year>
				<pub-dates>
					<date>2000</date>
				</pub-dates>
			</dates>
			<isbn>1082-6084</isbn>
			<electronic-resource-num>10.3109/10826080009148427</electronic-resource-num>
				<urls>
						<web-urls>
								<url>http://doi.org/10.3109/10826080009148427</url>
						</web-urls>
				</urls>
		</record>
		 <record>
			<rec-number>18048</rec-number>
			<ref-type name="Journal Article"></ref-type>
			<contributors>
				<authors>
						<author>Lai, Shenghan</author>
						<author>Lai, Hong</author>
						<author>Page, J.Bryan</author>
						<author>McCoy, Clyde B.</author>
				</authors>
			</contributors>
			<titles>
				<title>The association between cigarette smoking and drug abuse in the United States</title> 
		        	<secondary-title>Journal of Addictive Diseases</secondary-title>
			</titles>
			<pages>11-24</pages>
			<volume>19</volume>
			<issue>4</issue>
			<dates>
				<year>2000</year>
				<pub-dates>
					<date>2000</date>
				</pub-dates>
			</dates>
			<isbn>1055-0887</isbn>
			<electronic-resource-num>10.1300/J069v19n04_02</electronic-resource-num>
				<urls>
						<web-urls>
								<url>http://doi.org/10.1300/J069v19n04_02</url>
						</web-urls>
				</urls>
		</record>
		 <record>
			<rec-number>20925</rec-number>
			<ref-type name="Journal Article"></ref-type>
			<contributors>
				<authors>
						<author>McGeary, Kerry Anne</author>
						<author>French, Michael T.</author>
				</authors>
			</contributors>
			<titles>
				<title>Illicit drug use and emergency room utilization</title> 
		        	<secondary-title>Health Services Research</secondary-title>
			</titles>
			<pages>153-169</pages>
			<volume>35</volume>
			<issue>1, Pt. 1</issue>
			<dates>
				<year>2000</year>
				<pub-dates>
					<date>Apr 2000</date>
				</pub-dates>
			</dates>
			<isbn>0017-9124</isbn>
		</record>
		 <record>
			<rec-number>48073</rec-number>
			<ref-type name="Book"></ref-type>
			<contributors>
				<authors>
						<author>Males, Mike</author>
				</authors>
			</contributors>
			<titles>
				<title>&#039;Kids and Guns&#039;: How Politicians, Experts, and the Press Fabricate Fear of Youth</title> 
			</titles>
			<dates>
				<year>2000</year>
				<pub-dates>
					<date></date>
				</pub-dates>
			</dates>
			<pub-location>Monroe, MN</pub-location>
			<publisher>Common Courage Press</publisher>
		</record>
		 <record>
			<rec-number>683</rec-number>
			<ref-type name="Report"></ref-type>
			<contributors>
				<authors>
						<author>Zhang, Zhiwei</author>
						<author>Huang, Lynn X.</author>
						<author>Brittingham, Angela M.</author>
				</authors>
			</contributors>
			<titles>
				<title>Worker Drug Use and Workplace Policies and Programs: Results from the 1994 and 1997 National Household Survey on Drug Abuse</title> 
			</titles>
			<dates>
				<year>1999</year>
				<pub-dates>
					<date>Sep 25, 1999</date>
				</pub-dates>
			</dates>
			<pub-location>Rockville, MD</pub-location>
			<publisher>Substance Abuse and Mental Health Services Administration, Office of Applied Studies</publisher>
				<urls>
						<web-urls>
								<url>http://www.oas.samhsa.gov/NHSDA/A-11/WrkplcPlcy2.htm</url>
						</web-urls>
				</urls>
		</record>
		 <record>
			<rec-number>9934</rec-number>
			<ref-type name="Report"></ref-type>
			<contributors>
				<authors>
						<author>Farrelly, Matthew C.</author>
						<author>Bray, Jeremy W.</author>
						<author>Zarkin, Gary A.</author>
						<author>Wendling, Brett W.</author>
						<author>Pacula, Rosalie Liccardo</author>
				</authors>
			</contributors>
			<titles>
				<title>The effects of prices and policies on the demand for marijuana: Evidence from the National Household Surveys on Drug Abuse</title> 
		        	<secondary-title>NBER Working Paper Series</secondary-title>
			</titles>
			<issue>W6940</issue>
			<dates>
				<year>1999</year>
				<pub-dates>
					<date>Feb 1999</date>
				</pub-dates>
			</dates>
			<pub-location>Cambridge, MA</pub-location>
			<publisher>National Bureau of Economic Research</publisher>
				<urls>
						<pdf-urls>
							<url>http://papers.nber.org/papers/W6940.pdf</url>
						</pdf-urls>
				</urls>
		</record>
		 <record>
			<rec-number>13150</rec-number>
			<ref-type name="Thesis"></ref-type>
			<contributors>
				<authors>
						<author>Hamilton, Jay Paul</author>
				</authors>
			</contributors>
			<titles>
				<title>Quantity Price Discounts in Illegal Drug Markets</title> 
			</titles>
			<dates>
				<year>1999</year>
				<pub-dates>
					<date></date>
				</pub-dates>
			</dates>
			<publisher>University of California, Riverside</publisher>
				<work-type>Dissertation</work-type>
		</record>
		 <record>
			<rec-number>14552</rec-number>
			<ref-type name="Journal Article"></ref-type>
			<contributors>
				<authors>
						<author>Hoffmann, John P.</author>
						<author>Larison, C.L.</author>
				</authors>
			</contributors>
			<titles>
				<title>Worker drug use and workplace drug-testing programs: Results from the 1994 National Household Survey on Drug Abuse</title> 
		        	<secondary-title>Contemporary Drug Problems</secondary-title>
			</titles>
			<pages>331-354</pages>
			<volume>26</volume>
			<dates>
				<year>1999</year>
				<pub-dates>
					<date>1999</date>
				</pub-dates>
			</dates>
			<isbn>0091-4509</isbn>
		</record>
		 <record>
			<rec-number>14553</rec-number>
			<ref-type name="Journal Article"></ref-type>
			<contributors>
				<authors>
						<author>Hoffmann, John P.</author>
						<author>Larison, Cindy L.</author>
				</authors>
			</contributors>
			<titles>
				<title>Drug use, workplace accidents and employee turnover</title> 
		        	<secondary-title>Journal of Drug Issues</secondary-title>
			</titles>
			<pages>341-364</pages>
			<volume>29</volume>
			<issue>2</issue>
			<dates>
				<year>1999</year>
				<pub-dates>
					<date>Spr 1999</date>
				</pub-dates>
			</dates>
			<isbn>0022-0426</isbn>
		</record>
		 <record>
			<rec-number>23338</rec-number>
			<ref-type name="Journal Article"></ref-type>
			<contributors>
				<authors>
						<author>Obot, Isidore Silas</author>
						<author>Hubbard, Scott</author>
						<author>Anthony, James C.</author>
				</authors>
			</contributors>
			<titles>
				<title>Level of education and injecting drug use among African Americans</title> 
		        	<secondary-title>Drug and Alcohol Dependence</secondary-title>
			</titles>
			<pages>177-182</pages>
			<volume>55</volume>
			<issue>1-2</issue>
			<dates>
				<year>1999</year>
				<pub-dates>
					<date>Jun 1, 1999</date>
				</pub-dates>
			</dates>
			<isbn>0376-8716</isbn>
			<electronic-resource-num>10.1016/S0376-8716(98)00168-9</electronic-resource-num>
				<urls>
						<web-urls>
								<url>http://doi.org/10.1016/S0376-8716(98)00168-9</url>
						</web-urls>
				</urls>
		</record>
		 <record>
			<rec-number>30757</rec-number>
			<ref-type name="Journal Article"></ref-type>
			<contributors>
				<authors>
						<author>Van Etten, Michelle L.</author>
						<author>Anthony, James C.</author>
				</authors>
			</contributors>
			<titles>
				<title>Comparative epidemiology of initial drug opportunities and transitions to first use: Marijuana, cocaine, hallucinogens and heroin</title> 
		        	<secondary-title>Drug and Alcohol Dependence</secondary-title>
			</titles>
			<pages>117-125</pages>
			<volume>54</volume>
			<issue>2</issue>
			<dates>
				<year>1999</year>
				<pub-dates>
					<date>Apr 1, 1999</date>
				</pub-dates>
			</dates>
			<isbn>0376-8716</isbn>
			<electronic-resource-num>10.1016/S0376-8716(98)00151-3</electronic-resource-num>
				<urls>
						<web-urls>
								<url>http://doi.org/10.1016/S0376-8716(98)00151-3</url>
						</web-urls>
				</urls>
		</record>
		 <record>
			<rec-number>30760</rec-number>
			<ref-type name="Journal Article"></ref-type>
			<contributors>
				<authors>
						<author>Van Etten, Michelle L.</author>
						<author>Neumark, Yehuda D.</author>
						<author>Anthony, James C.</author>
				</authors>
			</contributors>
			<titles>
				<title>Male-female differences in the earliest stages of drug involvement</title> 
		        	<secondary-title>Addiction</secondary-title>
			</titles>
			<pages>1413-1419</pages>
			<volume>94</volume>
			<issue>9</issue>
			<dates>
				<year>1999</year>
				<pub-dates>
					<date>Sep 1999</date>
				</pub-dates>
			</dates>
			<isbn>0965-2140</isbn>
		</record>
		 <record>
			<rec-number>34400</rec-number>
			<ref-type name="Report"></ref-type>
			<contributors>
				<authors>
						<author>Ragin, A.</author>
						<author>Rasinski, K.A.</author>
						<author>Cerbone, F.G.</author>
						<author>Johnson, R.A.</author>
				</authors>
			</contributors>
			<titles>
				<title>Relationship Between Mental Health and Substance Abuse Among Adolescents</title> 
		        	<secondary-title>Analytic series: A-9</secondary-title>
			</titles>
			<dates>
				<year>1999</year>
				<pub-dates>
					<date>1999</date>
				</pub-dates>
			</dates>
			<pub-location>Rockville, MD</pub-location>
			<publisher>Substance Abuse and Mental Health Services Administration, Office of Applied Studies</publisher>
				<urls>
						<web-urls>
								<url>http://oas.samhsa.gov/NHSDA/A-9/TOC.htm</url>
						</web-urls>
				</urls>
		</record>
		 <record>
			<rec-number>34406</rec-number>
			<ref-type name="Report"></ref-type>
			<contributors>
				<authors>
						<author>Townsend, Tara N.</author>
						<author>Lane, Julie D.</author>
						<author>Dewa, Carolyn S.</author>
						<author>Brittingham, Angela M.</author>
						<author>Pergamit, Michael</author>
				</authors>
			</contributors>
			<titles>
				<title>Substance use and mental health characteristics by employment status </title> 
			</titles>
			<dates>
				<year>1999</year>
				<pub-dates>
					<date>Jun 1999</date>
				</pub-dates>
			</dates>
			<pub-location>Rockville, MD</pub-location>
			<publisher>Substance Abuse and Mental Health Services Administration, Office of Applied Studies</publisher>
				<urls>
						<pdf-urls>
							<url>http://oas.samhsa.gov/NHSDA/A10.pdf</url>
						</pdf-urls>
				</urls>
		</record>
		 <record>
			<rec-number>91</rec-number>
			<ref-type name="Report"></ref-type>
			<contributors>
				<authors>
						<author>General Accounting Office</author>
				</authors>
			</contributors>
			<titles>
				<title>Teen Mothers: Selected Socio-Demographic Characteristics and Risk Factors, Report to the Honorable Charles B. Rangel, House of Representatives</title> 
			</titles>
			<issue>GAO/HEHS-98-141</issue>
			<dates>
				<year>1998</year>
				<pub-dates>
					<date>Jun 1998</date>
				</pub-dates>
			</dates>
			<pub-location>Washington, DC</pub-location>
			<publisher>General Accounting Office, Health, Education, and Human Services Division</publisher>
		</record>
		 <record>
			<rec-number>168</rec-number>
			<ref-type name="Journal Article"></ref-type>
			<contributors>
				<authors>
						<author>(author unknown)</author>
				</authors>
			</contributors>
			<titles>
				<title>Incidence of initiation of cigarette smoking--United States, 1965-1996</title> 
		        	<secondary-title>Morbidity and Mortality Weekly Report</secondary-title>
			</titles>
			<pages>837-840</pages>
			<volume>47</volume>
			<issue>39</issue>
			<dates>
				<year>1998</year>
				<pub-dates>
					<date>Oct  9, 1998</date>
				</pub-dates>
			</dates>
			<isbn>0149-2195</isbn>
		</record>
		 <record>
			<rec-number>8263</rec-number>
			<ref-type name="Journal Article"></ref-type>
			<contributors>
				<authors>
						<author>Delva, J.</author>
						<author>Furr, C.D.</author>
						<author>Anthony, James C.</author>
				</authors>
			</contributors>
			<titles>
				<title>Personal characteristics associated with injecting drug use among Latinas in the United States of America</title> 
		        	<secondary-title>Revista Panamericana de Salud Publica / Pan American Journal of Public Health</secondary-title>
			</titles>
			<pages>341-345</pages>
			<volume>4</volume>
			<issue>5</issue>
			<dates>
				<year>1998</year>
				<pub-dates>
					<date>Nov 1998</date>
				</pub-dates>
			</dates>
			<isbn>1020-4989</isbn>
		</record>
		 <record>
			<rec-number>14554</rec-number>
			<ref-type name="Journal Article"></ref-type>
			<contributors>
				<authors>
						<author>Hoffmann, John P.</author>
						<author>Su, S. Susan</author>
				</authors>
			</contributors>
			<titles>
				<title>Parental substance use disorder, mediating variables and adolescent drug use: A non-recursive model</title> 
		        	<secondary-title>Addiction</secondary-title>
			</titles>
			<pages>1351-1364</pages>
			<volume>93</volume>
			<issue>9</issue>
			<dates>
				<year>1998</year>
				<pub-dates>
					<date>Sep 1998</date>
				</pub-dates>
			</dates>
			<isbn>0965-2140</isbn>
			<electronic-resource-num>10.1046/j.1360-0443.1998.93913516.x</electronic-resource-num>
				<urls>
						<web-urls>
								<url>http://doi.org/10.1046/j.1360-0443.1998.93913516.x</url>
						</web-urls>
				</urls>
		</record>
		 <record>
			<rec-number>16247</rec-number>
			<ref-type name="Report"></ref-type>
			<contributors>
				<authors>
						<author>Kaestner, Robert</author>
				</authors>
			</contributors>
			<titles>
				<title>Does Drug Use Cause Poverty?</title> 
		        	<secondary-title>NBER Working Paper Series</secondary-title>
			</titles>
			<issue>6406</issue>
			<dates>
				<year>1998</year>
				<pub-dates>
					<date>Feb 1998</date>
				</pub-dates>
			</dates>
			<pub-location>Cambridge, MA</pub-location>
			<publisher>National Bureau of Economic Research</publisher>
				<urls>
						<pdf-urls>
							<url>http://papers.nber.org/papers/W6406.pdf</url>
						</pdf-urls>
				</urls>
		</record>
		 <record>
			<rec-number>16251</rec-number>
			<ref-type name="Journal Article"></ref-type>
			<contributors>
				<authors>
						<author>Kaestner, Robert</author>
				</authors>
			</contributors>
			<titles>
				<title>Illicit drug use and labor market outcomes: A review of economic theory and its empirical implications</title> 
		        	<secondary-title>Journal of Drug Issues</secondary-title>
			</titles>
			<pages>663-680</pages>
			<volume>28</volume>
			<issue>3</issue>
			<dates>
				<year>1998</year>
				<pub-dates>
					<date>Sum 1998</date>
				</pub-dates>
			</dates>
			<isbn>0022-0426</isbn>
		</record>
		 <record>
			<rec-number>15957</rec-number>
			<ref-type name="Journal Article"></ref-type>
			<contributors>
				<authors>
						<author>Johnson, Robert A.</author>
						<author>Gerstein, Dean R.</author>
						<author>Rasinski, Kenneth A.</author>
				</authors>
			</contributors>
			<titles>
				<title>Adjusting survey estimates for response bias: An application to trends in alcohol and marijuana use</title> 
		        	<secondary-title>Public Opinion Quarterly</secondary-title>
			</titles>
			<pages>354-377</pages>
			<volume>62</volume>
			<issue>3</issue>
			<dates>
				<year>1998</year>
				<pub-dates>
					<date>Fal 1998</date>
				</pub-dates>
			</dates>
			<isbn>0033-362X</isbn>
			<electronic-resource-num>10.1086/297850</electronic-resource-num>
				<urls>
						<web-urls>
								<url>http://doi.org/10.1086/297850</url>
						</web-urls>
				</urls>
		</record>
		 <record>
			<rec-number>22899</rec-number>
			<ref-type name="Journal Article"></ref-type>
			<contributors>
				<authors>
						<author>Neumark, Y.D.</author>
						<author>Delva, J.</author>
						<author>Anthony, James C.</author>
				</authors>
			</contributors>
			<titles>
				<title>The epidemiology of adolescent inhalant drug involvement</title> 
		        	<secondary-title>Archives of Pediatrics and Adolescent Medicine</secondary-title>
			</titles>
			<pages>781-786</pages>
			<volume>152</volume>
			<issue>8</issue>
			<dates>
				<year>1998</year>
				<pub-dates>
					<date>Aug 1998</date>
				</pub-dates>
			</dates>
			<isbn>1072-4710</isbn>
		</record>
		 <record>
			<rec-number>34476</rec-number>
			<ref-type name="Report"></ref-type>
			<contributors>
				<authors>
						<author>Greenblatt, Janet C.</author>
				</authors>
			</contributors>
			<titles>
				<title>Adolescent Self-Reported Behaviors and Their Association with Marijuana Use</title> 
			</titles>
			<dates>
				<year>1998</year>
				<pub-dates>
					<date>1998</date>
				</pub-dates>
			</dates>
			<pub-location>Rockville, MD</pub-location>
			<publisher>Office of Applied Studies, Substance Abuse and Mental Health Services Administration</publisher>
		</record>
		 <record>
			<rec-number>34226</rec-number>
			<ref-type name="Journal Article"></ref-type>
			<contributors>
				<authors>
						<author>Centers for Disease Control and Prevention</author>
				</authors>
			</contributors>
			<titles>
				<title>Behavioral Risk Factors Among U.S. Air Force Active-Duty Personnel, 1995</title> 
		        	<secondary-title>Morbidity and Mortality Weekly Report</secondary-title>
			</titles>
			<pages>593-596</pages>
			<volume>47</volume>
			<issue>28</issue>
			<dates>
				<year>1998</year>
				<pub-dates>
					<date>Jul 24, 1998</date>
				</pub-dates>
			</dates>
			<isbn>0149-2195</isbn>
				<urls>
						<web-urls>
								<url>http://www.cdc.gov/mmwr/preview/mmwrhtml/00053976.htm</url>
						</web-urls>
				</urls>
		</record>
		 <record>
			<rec-number>33723</rec-number>
			<ref-type name="Journal Article"></ref-type>
			<contributors>
				<authors>
						<author>Brittingham, A.</author>
						<author>Tourangeau, R.</author>
						<author>Kay, W.</author>
				</authors>
			</contributors>
			<titles>
				<title>Reports of smoking in a national survey: Data from screening and detailed interviews, and from self- and interviewer-administered questions</title> 
		        	<secondary-title>Annals of Epidemiology</secondary-title>
			</titles>
			<pages>393-401</pages>
			<volume>8</volume>
			<issue>6</issue>
			<dates>
				<year>1998</year>
				<pub-dates>
					<date>Aug 1998</date>
				</pub-dates>
			</dates>
			<isbn>1047-2797</isbn>
			<electronic-resource-num>10.1016/S1047-2797(97)00237-8</electronic-resource-num>
				<urls>
						<web-urls>
								<url>http://doi.org/10.1016/S1047-2797(97)00237-8</url>
						</web-urls>
				</urls>
		</record>
		 <record>
			<rec-number>11505</rec-number>
			<ref-type name="Journal Article"></ref-type>
			<contributors>
				<authors>
						<author>Gfroerer, Joseph C.</author>
						<author>Wright, Doug A.</author>
						<author>Kopstein, Andrea</author>
				</authors>
			</contributors>
			<titles>
				<title>Prevalence of youth substance use: The impact of methodological differences between two national surveys</title> 
		        	<secondary-title>Drug and Alcohol Dependence</secondary-title>
			</titles>
			<pages>19-30</pages>
			<volume>47</volume>
			<issue>1</issue>
			<dates>
				<year>1997</year>
				<pub-dates>
					<date>Jul 25, 1997</date>
				</pub-dates>
			</dates>
			<isbn>0376-8716</isbn>
			<electronic-resource-num>10.1016/S0376-8716(97)00063-X</electronic-resource-num>
				<urls>
						<web-urls>
								<url>http://doi.org/10.1016/S0376-8716(97)00063-X</url>
						</web-urls>
				</urls>
		</record>
		 <record>
			<rec-number>32550</rec-number>
			<ref-type name="Journal Article"></ref-type>
			<contributors>
				<authors>
						<author>Woodward, Albert</author>
						<author>Epstein, Joan F.</author>
						<author>Gfroerer, Joseph C.</author>
						<author>Melnick, Daniel</author>
						<author>Thoreson, Richard</author>
						<author>Willson, Douglas</author>
				</authors>
			</contributors>
			<titles>
				<title>The drug abuse treatment gap: Recent estimates</title> 
		        	<secondary-title>Health Care Financing Review</secondary-title>
			</titles>
			<pages>5-17</pages>
			<volume>18</volume>
			<issue>3</issue>
			<dates>
				<year>1997</year>
				<pub-dates>
					<date>Spr 1997</date>
				</pub-dates>
			</dates>
			<isbn>0195-8631</isbn>
		</record>
		 <record>
			<rec-number>178</rec-number>
			<ref-type name="Report"></ref-type>
			<contributors>
				<authors>
						<author>Bacellar, H.</author>
						<author>Brittingham, A.</author>
						<author>Choy, W.</author>
						<author>Gerstein, D.R.</author>
						<author>Ghadialy, R.</author>
						<author>Gray, F.</author>
						<author>Hoffman, J.P.</author>
						<author>Johnson, R.A.</author>
						<author>Larison, C.</author>
				</authors>
			</contributors>
			<titles>
				<title>National Household Survey on Drug Abuse: Main Findings 1994</title> 
		        	<secondary-title>National Household Survey on Drug Abuse Series</secondary-title>
			</titles>
			<issue>(SMA) 96-3085</issue>
			<dates>
				<year>1996</year>
				<pub-dates>
					<date>1996</date>
				</pub-dates>
			</dates>
			<pub-location>Rockville, MD</pub-location>
			<publisher>Substance Abuse and Mental Health Services Administration, Office of Applied Studies</publisher>
		</record>
		 <record>
			<rec-number>549</rec-number>
			<ref-type name="Report"></ref-type>
			<contributors>
				<authors>
						<author>(author unknown)</author>
				</authors>
			</contributors>
			<titles>
				<title>The Development and Implementation of a New Data Collection Instrument for the 1994 National Household Survey on Drug Abuse</title> 
			</titles>
			<dates>
				<year>1996</year>
				<pub-dates>
					<date>1996</date>
				</pub-dates>
			</dates>
			<pub-location>Rockville, MD</pub-location>
			<publisher>United States Department of Health and Human Services, Substance Abuse and Mental Health Services Administration</publisher>
		</record>
		 <record>
			<rec-number>684</rec-number>
			<ref-type name="Report"></ref-type>
			<contributors>
				<authors>
						<author>(author unknown)</author>
				</authors>
			</contributors>
			<titles>
				<title>Mental Health Estimates from the 1994 National Household Survey on Drug Abuse</title> 
			</titles>
			<issue>96-3103</issue>
			<dates>
				<year>1996</year>
				<pub-dates>
					<date>1996</date>
				</pub-dates>
			</dates>
			<pub-location>Rockville, MD</pub-location>
			<publisher>United States Department of Health and Human Services, Substance Abuse and Mental Health Services Administration</publisher>
		</record>
		 <record>
			<rec-number>68978</rec-number>
			<ref-type name="Report"></ref-type>
			<contributors>
				<authors>
						<author>Office of Applied Studies</author>
				</authors>
			</contributors>
			<titles>
				<title>National Household Survey on Drug Abuse: Main Findings 1994</title> 
			</titles>
			<issue>(SMA) 96-3085</issue>
			<dates>
				<year>1996</year>
				<pub-dates>
					<date>Sep 1996</date>
				</pub-dates>
			</dates>
			<pub-location>Rockville, MD</pub-location>
			<publisher>Substance Abuse and Mental Health Services Administration</publisher>
		</record>
		 <record>
			<rec-number>183</rec-number>
			<ref-type name="Report"></ref-type>
			<contributors>
				<authors>
						<author>(author unknown)</author>
				</authors>
			</contributors>
			<titles>
				<title>National Household Survey on Drug Abuse: Population Estimates 1994</title> 
		        	<secondary-title>National Household Survey on Drug Abuse Series</secondary-title>
			</titles>
			<issue>(SMA) 95-3063</issue>
			<dates>
				<year>1995</year>
				<pub-dates>
					<date>Sep 1995</date>
				</pub-dates>
			</dates>
			<pub-location>Rockville, MD</pub-location>
			<publisher>United States Department of Health and Human Services, Substance Abuse and Mental Health Services Administration</publisher>
		</record>
		 <record>
			<rec-number>548</rec-number>
			<ref-type name="Report"></ref-type>
			<contributors>
				<authors>
						<author>(author unknown)</author>
				</authors>
			</contributors>
			<titles>
				<title>1994 National Household Survey on Drug Abuse Methodological Resource Book</title> 
			</titles>
			<dates>
				<year>1995</year>
				<pub-dates>
					<date>Feb 1995</date>
				</pub-dates>
			</dates>
			<pub-location>Rockville, MD</pub-location>
			<publisher>United States Department of Health and Human Services, Substance Abuse and Mental Health Services Administration</publisher>
		</record>
		 <record>
			<rec-number>23354</rec-number>
			<ref-type name="Report"></ref-type>
			<contributors>
				<authors>
						<author>Office of Applied Studies</author>
				</authors>
			</contributors>
			<titles>
				<title>Preliminary estimates from the 1994 National Household Survey on Drug Abuse</title> 
		        	<secondary-title>National Household Survey on Drug Abuse Advance Reports</secondary-title>
			</titles>
			<issue>10</issue>
			<dates>
				<year>1995</year>
				<pub-dates>
					<date>1995</date>
				</pub-dates>
			</dates>
			<pub-location>Rockville, MD</pub-location>
			<publisher>United States Department of Health and Human Services, Substance Abuse and Mental Health Services Administration</publisher>
		</record>
		 <record>
			<rec-number>110510</rec-number>
			<ref-type name="Report"></ref-type>
			<contributors>
				<authors>
						<author>Office of Applied Studies</author>
				</authors>
			</contributors>
			<titles>
				<title>National Household Survey on Drug Abuse: Main Findings, 1994</title> 
			</titles>
			<issue>(SMA) 96-3085</issue>
			<dates>
				<year>1994</year>
				<pub-dates>
					<date>1994</date>
				</pub-dates>
			</dates>
			<pub-location>Rockville, MD</pub-location>
			<publisher>Substance Abuse and Mental Health Services Administration</publisher>
		</record>
</records>
