<?xml version="1.0" encoding="UTF-8" ?>
<!DOCTYPE codeBook
SYSTEM "http://www.icpsr.umich.edu/files/DDI/Version2-1.dtd">
    <codeBook>
        <docDscr>
            <citation>
                <titlStmt>
                    <titl>National Household Survey on Drug Abuse, 1994</titl>
                    <IDNo>6949</IDNo>
                </titlStmt>
                <prodStmt>
                    <producer abbr="ICPSR">
                        <ExtLink URI="http://www.icpsr.umich.edu/images/icpsr-logo.gif" title="ICPSR Logo" role="image"/>
                        Inter-university Consortium for Political and Social Research
                        <ExtLink URI="http://www.icpsr.umich.edu/" title="URL of ICPSR Web Site" />
                    </producer>
                </prodStmt>
                <verStmt>
                    <version date="2014-07-03"></version>
                </verStmt>
                <holdings URI="http://www.icpsr.umich.edu/xmldocs/STUDY/06949.xml"></holdings>
            </citation>
        </docDscr>
        <stdyDscr>
            <citation>
                <titlStmt>
                    <titl>National Household Survey on Drug Abuse, 1994</titl>
                    <altTitl>NHSDA 1994</altTitl>
                    <IDNo agency="ICPSR">6949</IDNo>
                </titlStmt>
                <rspStmt>
                    <AuthEnty affiliation="United States Department of Health and Human Services. Substance Abuse and Mental Health Services Administration. Office of Applied Studies">United States Department of Health and Human Services. Substance Abuse and Mental Health Services Administration. Office of Applied Studies</AuthEnty>
                </rspStmt>
                <prodStmt>
                    <copyright>
                        Some instruments administered as part of this
                        study may contain contents from copyrighted
                        instruments. Reproductions of the instruments
                        are provided solely as documentation for
                        the analysis of the data associated with this
                        collection. Please contact the data producers for
                        information on permissions to use the instruments
                        for other purposes.
                    </copyright>
                    <prodDate>Please see full citation.</prodDate>
                    <fundAg>United States Department of Health and Human Services. Substance Abuse and Mental Health Services Administration. Office of Applied Studies</fundAg>
                    <grantNo>283-95-0002</grantNo>
                </prodStmt>
                <distStmt>
                    <distrbtr abbr="ICPSR" affiliation="Institute for Social Research, University of Michigan" URI="http://www.icpsr.umich.edu">
                        <ExtLink URI="http://www.icpsr.umich.edu/images/icpsr-logo.gif" title="Logo" />
                        Inter-university Consortium for Political and Social Research
                        <ExtLink URI="http://www.icpsr.umich.edu/" title="URL" />
                    </distrbtr>
                    <distDate date="1997-10-29">1997-10-29</distDate>
                </distStmt>
                <serStmt>
                    <serName ID="Series64">National Survey on Drug Use and Health (NSDUH) Series</serName>
                </serStmt>
                <verStmt>
                    <version date="2013-06-20">2013-06-20</version>
                </verStmt>
                <verStmt>
                    <version date="2013-06-20">2013-06-20</version>
                    <notes>Data collection instrument released.</notes>
                </verStmt>
                <verStmt>
                    <version date="2008-10-28">2008-10-28</version>
                    <notes>New files were added. These files included one or more of the following: Stata setup, SAS transport (CPORT), SPSS system, Stata system, SAS supplemental syntax, and Stata supplemental syntax files, and tab-delimited ASCII data file. Modified value labels and missing values for variable GQTYPE to correct previous errors. The variable CASEID was also added to the dataset.</notes>
                </verStmt>
                <biblCit>United States Department of Health and Human Services. Substance Abuse and Mental Health Services Administration. Office of Applied Studies. National Household Survey on Drug Abuse, 1994. ICPSR06949-v2. Ann Arbor, MI: Inter-university Consortium for Political and  Social Research [distributor], 2013-06-20. http://doi.org/10.3886/ICPSR06949.v2</biblCit>
                <notes>LRECL with SAS and SPSS setup files, and SAS transport file</notes>
            </citation>
            <stdyInfo>
                    <subject>
                        <keyword vocab="thesaurus">alcohol abuse</keyword>
                        <keyword vocab="thesaurus">alcohol consumption</keyword>
                        <keyword vocab="thesaurus">amphetamines</keyword>
                        <keyword vocab="thesaurus">barbiturates</keyword>
                        <keyword vocab="thesaurus">cocaine</keyword>
                        <keyword vocab="thesaurus">demographic characteristics</keyword>
                        <keyword vocab="thesaurus">drug abuse</keyword>
                        <keyword vocab="thesaurus">drug use</keyword>
                        <keyword vocab="thesaurus">drugs</keyword>
                        <keyword vocab="thesaurus">hallucinogens</keyword>
                        <keyword vocab="thesaurus">health insurance</keyword>
                        <keyword vocab="thesaurus">health status</keyword>
                        <keyword vocab="thesaurus">heroin</keyword>
                        <keyword vocab="thesaurus">households</keyword>
                        <keyword vocab="thesaurus">inhalants</keyword>
                        <keyword vocab="thesaurus">marijuana</keyword>
                        <keyword vocab="thesaurus">mental health</keyword>
                        <keyword vocab="thesaurus">mental health services</keyword>
                        <keyword vocab="thesaurus">methamphetamine</keyword>
                        <keyword vocab="thesaurus">offenses</keyword>
                        <keyword vocab="thesaurus">prescriptions drugs</keyword>
                        <keyword vocab="thesaurus">sedatives</keyword>
                        <keyword vocab="thesaurus">smoking</keyword>
                        <keyword vocab="thesaurus">steroids</keyword>
                        <keyword vocab="thesaurus">stimulants</keyword>
                        <keyword vocab="thesaurus">substance abuse</keyword>
                        <keyword vocab="thesaurus">substance abuse treatment</keyword>
                        <keyword vocab="thesaurus">tobacco use</keyword>
                        <keyword vocab="thesaurus">tranquilizers</keyword>
                        <keyword vocab="thesaurus">youths</keyword>
                        <topcClas source="archive" vocab="ICPSR subject classifications">ICPSR XVII.E. Social Institutions and Behavior, Crime and the Criminal Justice System</topcClas>
                        <topcClas source="archive" vocab="NACJD subject classifications">NACJD XI. Drugs, Alcohol, and Crime</topcClas>
                        <topcClas source="archive" vocab="NAHDAP subject classifications">NAHDAP I. National Addiction and HIV Data Archive Program</topcClas>
                        <topcClas source="archive" vocab="RCMD subject classifications">RCMD I. Crime</topcClas>
                        <topcClas source="archive" vocab="RCMD subject classifications">RCMD V. Health and Well-Being</topcClas>
                        <topcClas source="archive" vocab="SAMHDA subject classifications">SAMHDA I. National Survey on Drug Use and Health (NSDUH)</topcClas>
                    </subject>
                    <abstract>This series measures the prevalence and correlates of drug
use in the United States. The surveys are designed to provide
quarterly, as well as annual, estimates. Information is provided on
the use of illicit drugs, alcohol, and tobacco among members of United
States households aged 12 and older. Questions include age at first
use as well as lifetime, annual, and past-month usage for the
following drug classes: marijuana, cocaine (and crack), hallucinogens,
heroin, inhalants, alcohol, tobacco, anabolic steroids, nonmedical use
of prescription-type psychotherapeutic drugs, and polysubstance
use. Respondents were also asked about substance abuse treatment
history, illegal activities, problems resulting from use of drugs,
perceptions of the risks involved, and personal and family income
sources and amounts. Questions on need for treatment for drug or
alcohol use, criminal record, and needle-sharing were also included.
A split sample design using two questionnaires was employed with the
1994 NHSDA. The 1994-A questionnaire is comparable to NHSDA
questionnaires prior to 1994 and contains all of the core questions
from previous NHSDAs. The 1994-B questionnaire, which includes new
questions on access to care and mental health, incorporates
significant changes from the previous questionnaires and can only be
compared to NHSDA surveys in 1995 and beyond. The changes to the
questionnaire were undertaken in order to facilitate respondent
cooperation, enhance the clarity of questions, improve the accuracy of
responses, and increase the reliability of measurements across survey
years. In addition, a rural supplementary sample was included in 1994
to obtain substance abuse prevalence estimates for rural areas.
Demographic data include gender, race, age, ethnicity, marital status,
motor vehicle use, educational level, job status, income level,
veteran status, and past and current household composition.</abstract>
                    <sumDscr>
                        <timePrd event="single" date="1994" cycle="P1"> </timePrd>
                        <collDate event="single" date="1994" cycle="P1"> </collDate>
                        <nation>Please see geographic coverage.</nation>
                        <geogCover>United States</geogCover>
                        <anlyUnit>individual</anlyUnit>
                        <universe>The civilian, noninstitutionalized population of the
United States aged 12 and older, including residents of
noninstitutional group quarters, such as college dormitories, group
homes, civilians dwelling on military installations, and persons with
no permanent address, such as homeless people and those living in
shelters and rooming houses.</universe>
                        <dataKind>survey data</dataKind>
                    </sumDscr>
            </stdyInfo>
            <method>
                <dataColl>
                    <sampProc>Multistage area probability sample design involving five
selection stages: (1) primary sampling units areas (e.g., counties),
(2) subareas within primary areas (blocks or block groups), (3)
listing units within subareas (housing units or group quarters), (4)
age-group-smoking classes within sampled listing units, and (5)
eligible individuals within sampled age-group-smoking classes. One
hundred twenty-seven Primary Sampling Units (PSUs), including areas of
high Hispanic concentration, were selected to represent the total
United States population. These PSUs were defined as metropolitan
areas, counties, groups of counties, and independent cities. The main
sample consisted of the 117 PSUs used in the NHSDA 1993 sample. Of
these 117 PSUs, 45 were selected with certainty and 72 were randomly
selected with probability proportional to size. The certainty PSUs
were constructed from Metropolitan Statistical Areas (MSAs) or
adjoining MSAs and stratified based primarily on the concentration of
Hispanics. Once a sufficient number of Hispanic dwellings was
identified, the non-Hispanic Black (Black) and non-Hispanic non-Black
(White/others) interviews were proportionally allocated to the
strata. The rural supplement consisted of an additional ten non-MSA
rural PSUs. Based on correlations between past month cigarette smoking
and drug use, cigarette smokers were oversampled to increase the
precision of drug use estimates. The four age groups were: ages 12 to
17, 18 to 34, 35-49, and 50 and older. The three race/ethnic groups
were: Whites/others, Blacks, and Hispanics. Blacks and Hispanics were
oversampled. The age-group-smoking selection probabilities were based
on the desired sample sizes for each age group by racial/ethnic
domain. The probabilities of selecting the person within the
age-group-smoking domain were based on the number of persons found in
the age-smoking group.</sampProc>
                    <sources>
                        <dataSrc>personal interviews and self-enumerated answer sheets
(drug use)</dataSrc>
                    </sources>
                    <weight>Data were weighted based on the
five stages of sampling that were used. Adjustments were made to compensate for nonresponse and
sampling error. Adjustments also included trimming sample weights to
reduce excessive weight variation and a post-stratification to Census
population estimates. The final weight variable to be used in analysis is ANALWT.</weight>
                    <cleanOps>Performed consistency checks.</cleanOps>
                    <cleanOps>Standardized missing values.</cleanOps>
                    <cleanOps>Created online analysis version with question text.</cleanOps>
                    <cleanOps>Checked for undocumented or out-of-range codes.</cleanOps>
                </dataColl>
                <notes>Data were collected by Research Triangle
Institute, Research Triangle Park, NC, and prepared for release by
National Opinion Research Center, Chicago, IL.</notes>
                <notes>For selected
variables, statistical imputation was performed following logical
imputation to replace missing responses. These variables are
identified in the codebook as "...LOGICALLY IMPUTED" and
"...imputed" for the logical procedure or by the designation
"IMPUTATION-REVISED" in the variable label when the statistical
procedure was also performed. The names of statistically imputed
variables begin with the letters "IR". For each imputation-revised
variable there is a corresponding imputation indicator variable that
indicates whether a case's value on the variable resulted from an
interview response or was imputed by the hot-deck technique, which is
described in the codebook.</notes>
                <notes>The "basic sampling weights" are
equal to the inverse of the probabilities of selection of sample
respondents. To obtain "final NHSDA weights," the basic weights were
adjusted to take into account dwelling unit-level and individual-level
non-response and further adjusted to ensure consistency with
population projections from the United States Bureau of the
Census.</notes>
                <notes>To protect the confidentiality of respondents, all
variables that could be used to identify individuals have been
encrypted, collapsed, or deleted. These modifications should not
affect analytic uses of the data.</notes>
                <notes>Family and personal income range
variables in the 1994-B questionnaire were constructed from two
imputation-revised variables that were deleted from the public use
dataset and codebook due to confidentiality issues. Users are advised
that the recoded income range variables cannot be replicated from the
imputation-revised variables (IRFINC1 and IRPINC1) contained in the
public use file.</notes>
                <notes>(a) Only the 1994-A file should be used
to analyze trend data from past NHSDAs. (b) Prevalence
estimates for 1994 should be derived only from the 1994-B survey,
using the imputed data rather than raw data from the
questionnaire or drug answer sheets.
(c) Due to the split sample design, users are advised to use the
imputation-revised variables for tabular summaries and other
descriptive analyses for trends with NHSDA surveys prior to 1994. For
analyses of relationships using multiple variables, use of non-imputed
data items may be best. (d) Users who wish to replicate
results published in the NHSDA Main Findings Report or other SAMHSA
reports should use the 1994-A imputation-revised variables for trends
only.</notes>
                <notes>For some drugs that have multiple names, questions regarding the use of that drug may be asked for each distinct name. For example, even though methamphetamine, methedrine and desoxyn are the same drug, their use was measured in three separate variables.</notes>
                <anlyInfo>
                    <respRate>The overall interview response rate was
76.5 percent for the 1994-A survey and 78.2 percent for the 1994-B
survey. A completed interview had to contain, at a minimum, data on
the recency of use of marijuana, cocaine, and alcohol. About
four-fifths of respondents received the 1994-B questionnaire, and
one-fifth received the 1994-A questionnaire, based on random
assignment. The 1994-A interview response rates for the three
racial/ethnic groups were: 75.7 percent for Whites/others, 76.7
percent for Blacks, and 78 percent for Hispanics. The 1994-B
interview response rates for the three racial/ethnic groups were: 76.7
percent for Whites/others, 79 percent for Blacks, and 80.4 percent for
Hispanics. The 1994-A study yielded an 85.3 percent eligibility rate for sample households and a 93.8 percent completion rate for screening eligible
households. The 1994-B study yielded an 85.4 percent eligibility rate for sample households and a 93.8 percent completion rate for screening eligible households.</respRate>
                </anlyInfo>
            </method>
            <dataAccs>
                <setAvail media="online">
                    <accsPlac URI="http://www.icpsr.umich.edu">Ann Arbor, Mi.:  Inter-university Consortium for Political and Social Research</accsPlac>
                    <notes>Stata system file(s), sav Data file(s), stc Data file(s), tsv Data file(s), Data file(s), and electronic documentation.</notes>
                </setAvail>
                <useStmt>
                    <specPerm>Additional special permissions, where applicable, are described in the restrictions field.</specPerm>
                    <restrctn>Users are reminded by the United States Department of Health and Human Services that these data are to be used solely for statistical analysis and reporting of aggregated information and not for the investigation of specific individuals or treatment facilities.</restrctn>

		<conditions>
		    <![CDATA[
		    <p>Please read the Terms of Use below. If you agree to them, click on the "I Agree" button to proceed. If you do not agree, you can click on the "I Do Not Agree" button to exit this page.</p><p>These data are distributed under the following terms of use. By continuing past this point to the data retrieval process, you signify your agreement to comply with the requirements as stated below:</p><h2>Privacy of RESEARCH SUBJECTS</h2><p>Any intentional identification of a RESEARCH SUBJECT (whether an individual or an organization) or unauthorized disclosure of his or her confidential information violates the PROMISE OF CONFIDENTIALITY given to the providers of the information. Disclosure of confidential information may also be punishable under federal law. Therefore, users of data agree:</p><ul><li><p>To use these datasets solely for research or statistical purposes and not for re-identification of specific RESEARCH SUBJECTS.</p></li><li><p>To make no use of the identity of any RESEARCH SUBJECT discovered inadvertently and to report any such discovery to CBHSQ and SAMHDA ( <a href="mailto:samhda-support@icpsr.umich.edu">samhda-support@icpsr.umich.edu</a>)</p></li></ul><h2>Citing Data</h2><p>You agree to reference the recommended bibliographic citation in any of your publications that use SAMHSA data. Authors of publications that use SAMHSA data are required to send citations of their published works to ICPSR for inclusion in a database of related publications (<a href="mailto:bibliography@icpsr.umich.edu">bibliography@icpsr.umich.edu</a>).</p><h2>Disclaimer</h2><p>You acknowledge that SAMHSA and ICPSR will bear no responsibility for your use of the data or for your interpretations or inferences based upon such uses.</p><h2>Violations</h2><p>If SAMHSA or ICPSR determines that this terms of use agreement has been violated, then possible sanctions could include:</p><ul><li><p>Report of the violation to the Research Integrity Officer, Institutional Review Board, or Human Subjects Review Committee of the user's institution. A range of sanctions are available to institutions including revocation of tenure and termination.</p></li><li><p>If the confidentiality of human subjects has been violated, then report of the violation may be made to the Federal Office for Human Research Protections. This may result in an investigation of the user's institution, which can result in institution-wide sanctions including the suspension of all research grants.</p></li> <li><p>Report of the violation of federal law to the United States Attorney General for possible prosecution.</p></li><li><p>Court awarded payments of damages to any individual(s)/organization(s) harmed by the breach of confidential data.</p></li></ul> <h2>Definitions</h2><dl><dt>CBHSQ</dt><dd>Center for Behavioral Health Statistics and Quality</dd><dt>ICPSR</dt><dd>Inter-university Consortium for Political and Social Research</dd><dt>Promise of confidentiality</dt><dd>A promise to a respondent or research participant that the information the respondent provides will not be disseminated in identifiable form without the permission of the respondent; that the fact that the respondent participated in the study will not be disclosed; and that disseminated information will include no linkages to the identity of the respondent. Such a promise encompasses traditional notions of both confidentiality and anonymity. In most cases, federal law protects the confidentiality of the respondent's identity as referenced in the Promise of Confidentiality. Under this condition, names and other identifying information regarding respondents would be confidential.</dd><dt>Research subject</dt><dd>A person or organization that participates in a research study. A research subject may also be called a respondent. A respondent is generally a survey respondent or informant, experimental or observational subject, focus group participant, or any other person providing information to a study.</dd> <dt>SAMHDA</dt><dd>Substance Abuse and Mental Health Data Archive</dd><dt>SAMHSA</dt><dd>Substance Abuse and Mental Health Services Administration</dd></dl>
		    ]]>
		    <p>AVAILABLE.  This study is freely available to the general public.</p>
		</conditions>

		<disclaimer>The original collector of the data, ICPSR,
		and the relevant funding agency bear no responsibility
		for use of the data or for interpretations or inferences
		based upon such uses.  </disclaimer>
                    </useStmt>
            </dataAccs>
            <othrStdyMat>
                <othRefs>
                    <citation>
                        <titlStmt>
                            <titl>National Household Survey on Drug Abuse, 1994</titl>
                        </titlStmt>
                        <holdings>SDA Component</holdings>
                    </citation>
                </othRefs>
            </othrStdyMat>
        </stdyDscr>
        <fileDscr ID="F1">
            <fileTxt ID="Part1">
                <fileName>Part A</fileName>
                <fileType>ASCII ASCSAS ASCSPSS ASCSTATA DELIMITED DOC SAS SPSS STATA</fileType>
            </fileTxt>
            <notes>71374</notes>
        </fileDscr>
        <fileDscr ID="F2">
            <fileTxt ID="Part2">
                <fileName>Part B</fileName>
                <fileType>ASCII ASCSAS ASCSPSS ASCSTATA DELIMITED DOC SAS SPSS STATA</fileType>
            </fileTxt>
            <notes>271093</notes>
        </fileDscr>
    </codeBook>
